{
    "frequency": 30,
    "width": 640,
    "height": 480,
    "fx": 329.71259233686703,
    "fy": 329.5781039868215,
    "cx": 328.0853502577553,
    "cy": 252.16427120339088,
    "distortion_model": "fisheye_rational_polynomial",
    "distortion_coefficients": [
        -2.0899429843803525,
        2.689822756803233,
        -0.0006701195339262236,
        0.00023103934842037488,
        -0.8958839188255543,
        -2.0810873137520502,
        2.6848876552320666,
        -0.8769370118560348,
        0.0,
        0.0,
        0.0,
        0.0,
        0.0,
        0.0
    ],
    "pixel_size": 0.003,
    "f_stop": 2.0,
    "focus_distance": 0.6,
    "projection_type": "fisheyePolynomial",
    "clipping_range": [
        0.05,
        15.0
    ],
    "horizontal_fov": 88.28709153136475,
    "vertical_fov": 72.12449260945473,
    "diagonal_fov": 101.01521763472299
}