{
    "frequency": 30,
    "width": 640,
    "height": 480,
    "fx": 328.1441021902765,
    "fy": 328.35625575547493,
    "cx": 334.20459638730296,
    "cy": 256.2106227587468,
    "distortion_model": "fisheye_rational_polynomial",
    "distortion_coefficients": [
        12.029037323742996,
        14.99792566030082,
        -0.000433609946653566,
        -0.00015883038622668312,
        -0.846870061589365,
        12.080256018880311,
        14.930336211420737,
        0.07965253308388849,
        0.0,
        0.0,
        0.0,
        0.0,
        0.0,
        0.0
    ],
    "pixel_size": 0.003,
    "f_stop": 2.0,
    "focus_distance": 0.6,
    "projection_type": "fisheyePolynomial",
    "clipping_range": [
        0.05,
        15.0
    ],
    "horizontal_fov": 88.56020250291559,
    "vertical_fov": 72.32714246825783,
    "diagonal_fov": 101.25365271162845
}