{
    "frequency": 30,
    "width": 640,
    "height": 480,
    "fx": 339.49195078291433,
    "fy": 339.63013235036965,
    "cx": 337.5715804061328,
    "cy": 240.195838025032,
    "distortion_model": "fisheye_rational_polynomial",
    "distortion_coefficients": [
        -0.8605698370103155,
        -0.15644907127469415,
        -0.0007556744099323233,
        -0.0003126004926436958,
        0.04016345373072789,
        -0.8542425358194705,
        -0.13158867808654132,
        0.009677696474554465,
        0.0,
        0.0,
        0.0,
        0.0,
        0.0,
        0.0
    ],
    "pixel_size": 0.003,
    "f_stop": 2.0,
    "focus_distance": 0.6,
    "projection_type": "fisheyePolynomial",
    "clipping_range": [
        0.05,
        15.0
    ],
    "horizontal_fov": 86.61411641179068,
    "vertical_fov": 70.49395891935109,
    "diagonal_fov": 99.3439721058637
}