{
    "frequency": 30,
    "width": 640,
    "height": 480,
    "fx": 329.05607834025994,
    "fy": 329.08861495369024,
    "cx": 327.138937673546,
    "cy": 234.91820853620058,
    "distortion_model": "fisheye_rational_polynomial",
    "distortion_coefficients": [
        -0.18149012626666547,
        2.9021528429553616,
        -0.0008032602270285823,
        -0.00004099677378759674,
        -0.4795073650252901,
        -0.17227999803671992,
        2.898895925254521,
        -0.3806492228251428,
        0.0,
        0.0,
        0.0,
        0.0,
        0.0,
        0.0
    ],
    "pixel_size": 0.003,
    "f_stop": 2.0,
    "focus_distance": 0.6,
    "projection_type": "fisheyePolynomial",
    "clipping_range": [
        0.05,
        15.0
    ],
    "horizontal_fov": 88.40124322698003,
    "vertical_fov": 72.20555897058247,
    "diagonal_fov": 101.11304512803584
}